"identifier";"max time";"min time";"mean time";"standard deviation"
"push_back";"0.0122902";"0.00778798";"0.00870514";"6.48183e-07"
"pop_back";"0.00588953";"0.00466099";"0.0050437";"1.73973e-08"
"operator";"0.00229954";"0.00198484";"0.00201913";"2.26987e-09"
"push_back_slow";"0.101145";"0.0970374";"0.0994529";"1.91699e-06"
"pop_back_slow";"0.145829";"0.0967771";"0.102513";"8.57282e-05"
"operator_slow";"0.00300904";"0.00198635";"0.00238286";"8.60452e-08"
"std_push_back";"0.0155209";"0.0105179";"0.0131392";"2.87528e-06"
"std_pop_back";"0.00744145";"0.00693372";"0.00721116";"1.52614e-08"
"std_operator";"0.00229015";"0.00193312";"0.002004";"6.69456e-09"
